{"loss": 0.25104638934135437, "accuracy": 0.9531999826431274}